ntru_timing,gauss_timing,fft_timing,other_frac
0.5156313576563136,0.1994100094941001,0.26525837515258377,0.019700257697002566
0.5343362383828156,0.18833399631143097,0.2571149604021264,0.020214804903627037
