ntru_timing,gauss_timing,fft_timing,other_frac
0.7426000113919005,0.048966185042434836,0.19385217110634342,0.014581632459321203
0.7410238855925757,0.049140422942339876,0.19555378061767836,0.014281910847406043
